pack,standard,clause,topic,settings,module,requirement,cue
OSHA,29 CFR 1910,1910.22(a)(1),Walking-working surfaces,general-industry;chem-lab;pharma;warehouse,,Keep passageways and work surfaces clean and orderly.,Clutter or stored items in a walkway.
OSHA,29 CFR 1910,1910.22(a)(2),Walking-working surfaces,general-industry;chem-lab;pharma;warehouse,,"Keep floors clean and, as far as possible, dry.",Spill or wet floor with no sign or cleanup.
OSHA,29 CFR 1910,1910.22(a)(3),Walking-working surfaces,general-industry;chem-lab;pharma;warehouse,,"Keep surfaces free of hazards such as sharp objects, loose boards, leaks, and spills.","Loose board, protruding object, or leak on the floor."
OSHA,29 CFR 1910,1910.22(c),Walking-working surfaces,general-industry;chem-lab;pharma;warehouse,,Provide a safe way to get to and from a work surface. Make workers use it.,Worker climbs onto equipment or a platform with no safe access.
OSHA,29 CFR 1910,1910.22(d)(2),Walking-working surfaces,general-industry;chem-lab;pharma;warehouse,,"Correct a hazard on a surface before anyone uses it again. If you cannot, guard the hazard.",Damaged floor or platform in use with no barrier.
OSHA,29 CFR 1910,1910.23(b)(8),Ladders,general-industry;warehouse,,Use a ladder only for the purpose it was designed for.,"Ladder used as a bench, brace, or walkway."
OSHA,29 CFR 1910,1910.23(b)(10),Ladders,general-industry;warehouse,,"Tag a defective ladder ""Dangerous: Do Not Use"". Remove it from service.","Damaged ladder in use, or in place with no tag."
OSHA,29 CFR 1910,1910.23(b)(11),Ladders,general-industry;warehouse,,Face the ladder when you climb up or down.,Worker climbs with their back to the ladder.
OSHA,29 CFR 1910,1910.23(b)(12),Ladders,general-industry;warehouse,,Hold the ladder with at least one hand when you climb.,Worker climbs with both hands off the ladder.
OSHA,29 CFR 1910,1910.23(b)(13),Ladders,general-industry;warehouse,,Do not carry an object that can make you lose balance when you climb.,Worker climbs with a large box or tool in their arms.
OSHA,29 CFR 1910,1910.23(c)(4),Ladders,general-industry;warehouse,,"Use a portable ladder only on a stable, level surface, unless it is secured.","Ladder on a slope, soft ground, or an unsteady base."
OSHA,29 CFR 1910,1910.23(c)(6),Ladders,general-industry;warehouse,,"Do not move, shift, or extend a ladder while a person is on it.",Worker shifts the ladder by rocking or leaning.
OSHA,29 CFR 1910,1910.23(c)(7),Ladders,general-industry;warehouse,,"Secure a ladder in a passageway, doorway, or driveway where traffic can move it.",Unsecured ladder in a doorway or aisle.
OSHA,29 CFR 1910,1910.23(c)(8),Ladders,general-industry;warehouse,,Do not use the cap or top step of a stepladder as a step.,Worker stands on the top step.
OSHA,29 CFR 1910,1910.23(c)(13),Ladders,general-industry;warehouse,,"Do not put a ladder on boxes, barrels, or other unstable bases.",Ladder stands on a box or barrel.
OSHA,29 CFR 1910,1910.25(b)(1),Stairways,general-industry;warehouse,,Provide handrails and stair rails as 1910.28 requires.,Stairs with an open side and no rail.
OSHA,29 CFR 1910,1910.25(b)(2),Stairways,general-industry;warehouse,,Keep at least 6 ft 8 in (203 cm) of clear height above each stair tread.,Pipe or object hangs low over a stairway.
OSHA,29 CFR 1910,1910.28(b)(1),Fall protection,general-industry;warehouse,,Protect each worker at an unprotected edge that is 4 ft (1.2 m) or more above a lower level.,"Worker at an open edge with no guardrail, net, or harness."
OSHA,29 CFR 1910,1910.28(b)(3),Fall protection,general-industry;warehouse,,"Protect each worker from falling through a hole, or skylight, that is 4 ft or more above a lower level.",Open floor hole or skylight with no cover or rail.
OSHA,29 CFR 1910,1910.28(b)(4),Fall protection,general-industry;warehouse,,Protect each worker on a dockboard from falling 4 ft or more with a guardrail or handrails.,Worker on a dockboard with no rail.
OSHA,29 CFR 1910,1910.28(b)(6),Fall protection,general-industry;warehouse,,Protect a worker who is less than 4 ft above dangerous equipment from falling onto it.,Worker on a walkway above a machine with no rail.
OSHA,29 CFR 1910,1910.36(d),Exit routes,general-industry;chem-lab;pharma;warehouse,,Keep each exit door unlocked.,"Chained, padlocked, or locked exit door."
OSHA,29 CFR 1910,1910.37(a)(1),Exit routes,general-industry;chem-lab;pharma;warehouse,,Keep exit routes free of explosive or highly flammable furnishings and decorations.,Flammable material stored in an exit route.
OSHA,29 CFR 1910,1910.37(a)(3),Exit routes,general-industry;chem-lab;pharma;warehouse,,"Keep exit routes free and unobstructed. Do not put materials or equipment in them, even for a short time.","Boxes, pallets, or equipment in an exit route."
OSHA,29 CFR 1910,1910.37(a)(4),Exit routes,general-industry;chem-lab;pharma;warehouse,,"Keep emergency safeguards in working order. Examples: sprinklers, alarms, fire doors, exit lights.","Exit light off, or fire door propped open."
OSHA,29 CFR 1910,1910.37(b)(1),Exit routes,general-industry;chem-lab;pharma;warehouse,,Light each exit route well enough to see along it.,Dark exit route.
OSHA,29 CFR 1910,1910.37(b)(2),Exit routes,general-industry;chem-lab;pharma;warehouse,,"Mark each exit with a sign that reads ""Exit"".",Exit door with no sign.
OSHA,29 CFR 1910,1910.37(b)(3),Exit routes,general-industry;chem-lab;pharma;warehouse,,Keep exit doors free of decorations or signs that hide them.,Poster or sign covers an exit door.
OSHA,29 CFR 1910,1910.37(b)(5),Exit routes,general-industry;chem-lab;pharma;warehouse,,"Mark a door that could look like an exit ""Not an Exit"", or show its use, for example ""Closet"".",Unmarked door next to an exit.
OSHA,29 CFR 1910,1910.165(e),Alarms,general-industry;chem-lab;pharma;warehouse,,Keep manual alarm devices unobstructed and easy to reach.,Fire alarm pull station is blocked.
OSHA,29 CFR 1910,1910.157(c)(1),Fire extinguishers,general-industry;chem-lab;pharma;warehouse,,"Mount and place extinguishers so workers can reach them easily, without risk of injury.",Extinguisher behind boxes or equipment.
OSHA,29 CFR 1910,1910.157(c)(4),Fire extinguishers,general-industry;chem-lab;pharma;warehouse,,"Keep extinguishers charged and in their place, except when in use.",Extinguisher missing from its bracket.
OSHA,29 CFR 1910,1910.132(a),"PPE, general",general-industry;chem-lab;pharma;warehouse,,"Provide, use, and maintain PPE wherever hazards need it.",Worker in a PPE area with no PPE.
OSHA,29 CFR 1910,1910.132(e),"PPE, general",general-industry;chem-lab;pharma;warehouse,,Do not use defective or damaged PPE.,"Cracked goggles, torn gloves, or damaged helmet."
OSHA,29 CFR 1910,1910.133(a)(1),Eye and face protection,general-industry;chem-lab;pharma;warehouse,,"Use eye or face protection when flying particles, molten metal, liquid chemicals, acids, caustics, gases, vapors, or harmful light can hurt the eyes or face.",Worker pours chemical or grinds with no goggles or face shield.
OSHA,29 CFR 1910,1910.133(a)(2),Eye and face protection,general-industry;chem-lab;pharma;warehouse,,Use eye protection with side protection when flying objects are a hazard.,Glasses with no side shields near grinding or cutting.
OSHA,29 CFR 1910,1910.133(a)(5),Eye and face protection,general-industry,,Use filter lenses with the correct shade number for the light radiation of the work.,Welder or helper with no shaded lens.
OSHA,29 CFR 1910,1910.135(a)(1),Head protection,general-industry;warehouse,,Wear a protective helmet where falling objects can hurt the head.,No hard hat under overhead work.
OSHA,29 CFR 1910,1910.136(a),Foot protection,general-industry;chem-lab;pharma;warehouse,,"Wear protective footwear where falling or rolling objects, or sharp objects, can hurt the feet.",Sandals or open shoes in a work area.
OSHA,29 CFR 1910,1910.138(a),Hand protection,general-industry;chem-lab;pharma;warehouse,,"Use hand protection when hands face hazards such as harmful chemicals, cuts, burns, or temperature extremes.","Bare hands on chemicals, hot parts, or sharp parts."
OSHA,29 CFR 1910,1910.134(a)(2),Respiratory protection,general-industry;chem-lab;pharma,,Provide a respirator when it is necessary to protect the health of the worker.,"Worker in a dust, fume, or spray area with no respirator."
OSHA,29 CFR 1910,1910.1200(f)(6),Hazard communication,general-industry;chem-lab;pharma;warehouse,,"Label each workplace container of hazardous chemicals with the required information, or with words, pictures, or symbols that give the same information.","Unlabeled bottle, drum, or beaker."
OSHA,29 CFR 1910,1910.1200(f)(10),Hazard communication,general-industry;chem-lab;pharma;warehouse,,"Keep labels legible, in English, and prominently displayed or readily available in the work area.","Faded, torn, or covered label."
OSHA,29 CFR 1910,1910.1200(g)(8),Hazard communication,general-industry;chem-lab;pharma;warehouse,,Keep safety data sheets (SDS) in the workplace. Make them readily accessible during each work shift.,No SDS binder or station near the chemicals.
OSHA,29 CFR 1910,1910.151(c),Eyewash and showers,general-industry;chem-lab;pharma,,Provide quick drenching or flushing facilities where eyes or body can contact injurious corrosive materials.,"Corrosive chemical in use with no eyewash or shower in view, or a blocked one."
OSHA,29 CFR 1910,1910.106(e)(6),Flammable liquids,general-industry,,"Prevent ignition of flammable vapors. Control sources of ignition such as open flames, smoking, and cutting and welding.","Open flame, smoking, or sparks near flammable liquids."
OSHA,29 CFR 1910,1910.106(e)(9),Flammable liquids,general-industry,,"Control leaks, clean spills, keep aisles clear, and keep combustible waste to a minimum in covered metal receptacles.","Flammable spill, blocked aisle, or oily rags in an open bin."
OSHA,29 CFR 1910,1910.101(b),Compressed gases,general-industry;chem-lab;pharma;warehouse,,"Handle, store, and use compressed gas cylinders as CGA Pamphlet P-1 requires.",Cylinder not secured upright with a chain or stand.
OSHA,29 CFR 1910,1910.146(c)(2),Confined spaces,general-industry,,"Post danger signs, or use an equal method, to show each permit-required confined space and its danger.","Open tank, vessel, or manhole with no sign."
OSHA,29 CFR 1910,1910.212(a)(1),Machine guarding,general-industry;pharma,panel,"Guard the machine area against hazards such as the point of operation, nip points, rotating parts, flying chips, and sparks.",Guard removed or open on a running machine.
OSHA,29 CFR 1910,1910.212(a)(3)(ii),Machine guarding,general-industry;pharma,,Guard the point of operation if it can injure a worker.,Hands at the point of operation with no guard.
OSHA,29 CFR 1910,1910.242(a),Hand and power tools,general-industry;pharma;warehouse,,Keep tools and equipment in a safe condition.,"Damaged tool, taped handle, or frayed cord in use."
OSHA,29 CFR 1910,1910.242(b),Hand and power tools,general-industry,,Do not use compressed air for cleaning above 30 psi. Use chip guarding and PPE below that.,"Worker blows air over clothes, skin, or a bench with no PPE."
OSHA,29 CFR 1910,1910.147(d),Lockout/tagout,general-industry;pharma,,Apply lockout or tagout devices to each energy isolating device before servicing.,Worker inside a machine with no lock or tag on the isolator.
OSHA,29 CFR 1910,1910.147(e),Lockout/tagout,general-industry;pharma,,"Before you remove locks and restore energy, check that the work area is clear of tools and people.",Machine restarts while a person is in the machine area.
OSHA,29 CFR 1910,1910.252(a)(2)(iii)(A),Welding and cutting,general-industry;warehouse,,Use a fire watcher when welding or cutting where more than a minor fire can start.,Welding near combustibles with no fire watcher.
OSHA,29 CFR 1910,1910.303(b)(7)(i),Electrical,general-industry;chem-lab;pharma;warehouse,,"Close unused openings in boxes, cabinets, and equipment cases.",Open knockout or gap in an electrical box.
OSHA,29 CFR 1910,1910.303(g)(1)(ii),Electrical,general-industry;chem-lab;pharma;warehouse,,Do not use the working space around electrical equipment for storage.,Boxes or equipment in front of an electrical panel.
OSHA,29 CFR 1910,1910.303(g)(2),Electrical,general-industry;chem-lab;pharma;warehouse,panel,Guard live parts of 50 volts or more against accidental contact.,Open panel with exposed live parts.
OSHA,29 CFR 1910,1910.305(b)(2),Electrical,general-industry;chem-lab;pharma;warehouse,panel,"Fit covers on pull boxes, junction boxes, and fittings.",Junction box with no cover.
OSHA,29 CFR 1910,1910.305(g)(1)(iv),Electrical,general-industry;chem-lab;pharma;warehouse,,"Do not use flexible cords as fixed wiring, through walls, floors, doorways, or windows, or attached to building surfaces.",Extension cord run through a doorway or fixed to a wall.
OSHA,29 CFR 1910,1910.178(m)(1),Powered trucks,general-industry;warehouse,,Do not drive a truck toward a person who stands in front of a bench or fixed object.,Forklift moves toward a worker at a bench.
OSHA,29 CFR 1910,1910.178(m)(2),Powered trucks,general-industry;warehouse,,Do not let anyone stand or pass under the raised part of a truck.,Worker under raised forks or load.
OSHA,29 CFR 1910,1910.178(m)(3),Powered trucks,general-industry;warehouse,,Do not let unauthorized people ride on a truck.,Person rides on the forks or truck body.
OSHA,29 CFR 1910,1910.178(m)(5)(i),Powered trucks,general-industry;warehouse,,"When you leave a truck unattended, lower the forks, neutralize the controls, switch power off, and set the brakes.",Forklift left with forks raised and no driver.
OSHA,29 CFR 1910,1910.178(n)(1),Powered trucks,general-industry;warehouse,,Obey traffic rules and speed limits. Keep about three truck lengths from the truck ahead.,Forklift speeds or follows too close.
OSHA,29 CFR 1910,1910.178(n)(4),Powered trucks,general-industry;warehouse,load,"Slow down and sound the horn where vision is blocked. If the load blocks the forward view, travel with the load trailing.",Forklift drives forward with a load that blocks the view.
OSHA,29 CFR 1910,1910.176(a),Material handling,general-industry;warehouse,,"Leave safe clearance for aisles, docks, doorways, and turns where mechanical equipment is in use.",Aisle too narrow for the equipment.
OSHA,29 CFR 1910,1910.176(b),Material handling,general-industry;warehouse,,"Store material so it does not create a hazard. Stack, block, and interlock tiers so they stay stable.",Leaning or unstable stack.
OSHA,29 CFR 1910,1910.176(c),Material handling,general-industry;warehouse,,"Keep storage areas free of material that is a trip, fire, explosion, or pest hazard.",Clutter or waste in a storage area.
OSHA,29 CFR 1910,1910.176(g),Material handling,general-industry;warehouse,,"Cover or guard open pits, tanks, vats, and ditches.",Open pit or vat with no cover or rail.
OSHA,29 CFR 1910,1910.144(a)(3),Hazard marking,general-industry;chem-lab;pharma;warehouse,,"Use yellow to mark physical hazards such as striking against, stumbling, falling, tripping, and caught-in-between.","Step edge, low beam, or floor hazard with no yellow marking."
OSHA,29 CFR 1910,1910.145(d)(4),Signs,general-industry;chem-lab;pharma;warehouse,,Make caution signs with a yellow background. Use black letters on the yellow background.,Caution sign in the wrong colors.
OSHA,29 CFR 1910,1910.141(a)(3)(i),Sanitation,general-industry;chem-lab;pharma;warehouse,,"Keep all places of employment clean, as far as the work allows.",Dirty or littered workplace.
OSHA,29 CFR 1910,1910.141(a)(4)(i),Sanitation,general-industry;chem-lab;pharma;warehouse,,Use waste receptacles that do not leak and that you can clean.,Leaking or overflowing bin.
OSHA,29 CFR 1910,1910.141(a)(5),Sanitation,general-industry;chem-lab;pharma;warehouse,,"Prevent rodents, insects, and other vermin from entering or living in the workplace.",Visible pest.
OSHA,29 CFR 1910,1910.141(g)(2),Food and drink,general-industry;chem-lab;pharma;warehouse,,Do not let workers eat or drink in any area exposed to a toxic material.,Worker eats or drinks at a lab bench or in a chemical area.
OSHA,29 CFR 1910,1910.141(g)(4),Food and drink,general-industry;chem-lab;pharma;warehouse,,Do not store food or drink in an area exposed to a toxic material.,Food or drink in a lab refrigerator or on a bench.
OSHA,29 CFR 1910,1910.106(d)(5)(i),Flammable liquids,general-industry;chem-lab;pharma;warehouse,,"Do not store flammable liquids where they limit the use of exits, stairways, or other areas for safe exit.",Flammable liquid containers in an exit route or on a stairway.
OSHA,29 CFR 1910,1910.1450(e)(3)(iii),Laboratory standard,chem-lab,,Keep fume hoods and other protective equipment working properly.,"Hood alarm active, sash open wide, or hood used as storage."
OSHA,29 CFR 1910,1910.1450(e)(3)(viii)(A),Laboratory standard,chem-lab,,"Use a designated area for work with particularly hazardous substances: select carcinogens, reproductive toxins, and highly toxic substances.",Hazardous work outside its marked area.
OSHA,29 CFR 1910,1910.1450(e)(3)(viii)(B),Laboratory standard,chem-lab,,"Use containment devices, such as fume hoods or glove boxes, for work with particularly hazardous substances.",Hazardous work on an open bench.
OSHA,29 CFR 1910,1910.1450(h)(1)(i),Laboratory standard,chem-lab,,Do not remove or deface labels on incoming containers of hazardous chemicals.,"Scraped, painted-over, or covered label on a stock bottle."
OSHA,29 CFR 1910,1910.1450(h)(1)(ii),Laboratory standard,chem-lab,,Keep the safety data sheets that arrive with chemicals. Make them readily accessible to lab workers.,No SDS station in the lab.
OSHA-CONST,29 CFR 1926,1926.25(a),Housekeeping,construction,,"Keep scrap lumber with protruding nails, and other debris, cleared from work areas, passageways, and stairs.",Scrap or nailed lumber in a walkway or on stairs.
OSHA-CONST,29 CFR 1926,1926.25(b),Housekeeping,construction,,Remove combustible scrap and debris at regular intervals.,Pile of combustible scrap building up.
OSHA-CONST,29 CFR 1926,1926.25(c),Housekeeping,construction,,"Provide containers for waste, trash, oily rags, and other refuse. Cover containers for oily, flammable, or hazardous waste.",Oily rags in an open pile or open bin.
OSHA-CONST,29 CFR 1926,1926.34(a),Exits,construction,,Keep exits free and unobstructed whenever the structure is occupied. No lock or fastening may stop escape.,Blocked or locked exit in an occupied structure.
OSHA-CONST,29 CFR 1926,1926.100(a),Head protection,construction,,"Provide and use head protection where impact, falling or flying objects, or electric shock can hurt the head.",Worker with no hard hat on site.
OSHA-CONST,29 CFR 1926,1926.102(a)(1),Eye and face protection,construction,,"Use eye or face protection against flying particles, molten metal, liquid chemicals, acids, gases, vapors, or harmful light.","Worker cuts, grinds, or chips with no eye protection."
OSHA-CONST,29 CFR 1926,1926.102(a)(2),Eye and face protection,construction,,Use eye protection with side protection when flying objects are a hazard.,Glasses with no side shields near cutting or grinding.
OSHA-CONST,29 CFR 1926,1926.501(b)(1),Fall protection,construction,,Protect each worker at an unprotected side or edge that is 6 ft (1.8 m) or more above a lower level.,"Worker at an open edge with no guardrail, net, or harness."
OSHA-CONST,29 CFR 1926,1926.501(b)(4)(i),Fall protection,construction,,"Protect each worker from falling through a hole, or skylight, more than 6 ft above a lower level.",Open floor hole or skylight with no cover or rail.
OSHA-CONST,29 CFR 1926,1926.501(b)(6),Fall protection,construction,,"Protect each worker on a ramp, runway, or other walkway that is 6 ft or more above a lower level with guardrails.",Elevated walkway with no rail.
OSHA-CONST,29 CFR 1926,1926.501(b)(7)(ii),Fall protection,construction,,"Protect each worker at the edge of a well, pit, shaft, or similar excavation 6 ft or more deep with guardrails, fences, barricades, or covers.",Open pit or shaft with no barrier.
OSHA-CONST,29 CFR 1926,1926.502(b)(1),Fall protection,construction,,"Set the top rail of a guardrail 42 in (1.1 m), plus or minus 3 in, above the walking surface.",Guardrail that is too low or too high.
OSHA-CONST,29 CFR 1926,1926.451(e)(1),Scaffolds,construction,,"Use a ladder, stair tower, ramp, or equal access when a scaffold platform is more than 2 ft (0.6 m) above or below the access point.",Worker climbs the scaffold frame with no access ladder.
OSHA-CONST,29 CFR 1926,1926.451(g)(1),Scaffolds,construction,,Protect each worker on a scaffold more than 10 ft (3.1 m) above a lower level from falling.,Worker on a high scaffold with no guardrail or harness.
OSHA-CONST,29 CFR 1926,1926.1052(c)(1),Stairways,construction,,"Fit stairways with four or more risers, or a rise of more than 30 in (76 cm), with handrails or stair rail systems.",Stairs with no handrail.
OSHA-CONST,29 CFR 1926,1926.1053(b)(1),Ladders,construction,,Extend the side rails of a portable ladder at least 3 ft (0.9 m) above the upper landing surface.,Ladder top is not above the landing.
OSHA-CONST,29 CFR 1926,1926.1053(b)(4),Ladders,construction,,Use a ladder only for the purpose it was designed for.,"Ladder used as a bench, brace, or walkway."
OSHA-CONST,29 CFR 1926,1926.1053(b)(6),Ladders,construction,,"Use a ladder only on a stable, level surface, unless it is secured.","Ladder on a slope, soft ground, or an unsteady base."
OSHA-CONST,29 CFR 1926,1926.1053(b)(8),Ladders,construction,,"Secure a ladder placed where traffic or work can move it, such as a passageway, doorway, or driveway.",Unsecured ladder in a doorway or aisle.
OSHA-CONST,29 CFR 1926,1926.1053(b)(11),Ladders,construction,,"Do not move, shift, or extend a ladder while a person is on it.",Worker shifts the ladder by rocking or leaning.
OSHA-CONST,29 CFR 1926,1926.1053(b)(13),Ladders,construction,,Do not use the top or top step of a stepladder as a step.,Worker stands on the top step.
OSHA-CONST,29 CFR 1926,1926.1053(b)(20),Ladders,construction,,Face the ladder when you climb up or down.,Worker climbs with their back to the ladder.
OSHA-CONST,29 CFR 1926,1926.1053(b)(22),Ladders,construction,,Do not carry an object that can make you lose balance on a ladder.,Worker climbs with a large box or tool in their arms.
OSHA-CONST,29 CFR 1926,1926.651(c)(2),Excavations,construction,,"Provide a ladder, stairway, ramp, or other safe exit in a trench 4 ft (1.22 m) or more deep. No worker may need to travel more than 25 ft (7.62 m).",Worker in a deep trench with no ladder nearby.
OSHA-CONST,29 CFR 1926,1926.651(e),Excavations,construction,,Do not let any worker stand under loads that lifting or digging equipment handles.,Worker under a bucket or hanging load.
OSHA-CONST,29 CFR 1926,1926.651(j)(2),Excavations,construction,,"Keep excavated material and equipment at least 2 ft (0.61 m) from the edge of an excavation, or use retaining devices.",Spoil pile or equipment at a trench edge.
OSHA-CONST,29 CFR 1926,1926.652(a)(1),Excavations,construction,,"Protect each worker in an excavation from cave-ins with a protective system. Exceptions: stable rock, or under 5 ft deep when a competent person finds no sign of cave-in.","Worker in a deep trench with no shoring, shield, or sloping."
OSHA-CONST,29 CFR 1926,1926.350(a)(9),Gas cylinders,construction,,"Secure compressed gas cylinders upright at all times, except for short periods while you hoist or carry them.",Cylinder lying down or standing free.
cGMP,21 CFR 211,211.28(a),Personnel,pharma,,"Wear clean clothing that suits the duties. Wear head, face, hand, and arm coverings when needed to protect the product.","No hair cover, mask, gloves, or sleeves in a process area, or a dirty gown."
cGMP,21 CFR 211,211.28(b),Personnel,pharma,,Practice good sanitation and health habits.,"Worker eats, drinks, or touches the face in a process area."
cGMP,21 CFR 211,211.28(c),Personnel,pharma,,Let only authorized people enter limited-access areas.,Unauthorized person enters a limited-access area.
cGMP,21 CFR 211,211.28(d),Personnel,pharma,,Keep a worker with an apparent illness or open lesion away from direct contact with materials and product.,Worker with a visible open wound handles open product.
cGMP,21 CFR 211,211.42(b),Facilities,pharma,,Give equipment and materials enough space for orderly placement. Design the flow to prevent mixups and contamination.,"Material stored in disorder, or moves against the defined flow."
cGMP,21 CFR 211,211.42(c),Facilities,pharma,,Do each operation in a defined area of adequate size. Separate areas as needed to prevent contamination or mixups.,An operation outside its defined area.
cGMP,21 CFR 211,211.42(c)(10)(i),Facilities,pharma,,"In aseptic areas, use smooth, hard, cleanable floors, walls, and ceilings.","Flaking paint, cracks, or rough surface in an aseptic area."
cGMP,21 CFR 211,211.42(c)(10)(iii),Facilities,pharma,,"In aseptic areas, supply HEPA-filtered air under positive pressure.",Door propped open in an aseptic area.
cGMP,21 CFR 211,211.44,Facilities,pharma,,Provide adequate lighting in all areas.,Dark work area.
cGMP,21 CFR 211,211.46(b),Facilities,pharma,,"Provide equipment to control air pressure, micro-organisms, dust, humidity, and temperature where appropriate.","Cleanroom door held open, or a pressure gauge out of range."
cGMP,21 CFR 211,211.52,Facilities,pharma,,"Provide adequate washing facilities: hot and cold water, soap, towels or air dryers, and toilets that are easy to reach from work areas.","Empty soap dispenser, no towels, or no sink in view."
cGMP,21 CFR 211,211.56(a),Sanitation,pharma,,"Keep buildings clean and sanitary and free of rodents, birds, insects, and vermin. Remove trash and waste in time.","Pest, overflowing trash, or visible dirt."
cGMP,21 CFR 211,211.58,Facilities,pharma,,Keep buildings in a good state of repair.,"Broken door, damaged wall, or leak."
cGMP,21 CFR 211,211.65(b),Equipment,pharma,,Keep lubricants and coolants away from components and product so they do not change product quality.,Oil or coolant leak near open product.
cGMP,21 CFR 211,211.67(a),Equipment,pharma,,Clean and maintain equipment and utensils so they do not contaminate the product.,Residue on equipment in use.
cGMP,21 CFR 211,211.67(b)(5),Equipment,pharma,,Protect clean equipment from contamination before use.,Clean equipment left uncovered on the floor.
cGMP,21 CFR 211,211.105(a),Equipment,pharma,,"Identify containers, processing lines, and major equipment at all times to show their contents and, when needed, the process phase.",Container or line with no label.
cGMP,21 CFR 211,211.80(b),Components,pharma,,"Handle and store components, containers, and closures so they do not become contaminated.",Open component container left uncovered.
cGMP,21 CFR 211,211.80(c),Components,pharma,,"Store bagged or boxed components off the floor, with enough space to clean and inspect.","Boxes on the floor, or packed tight against each other."
cGMP,21 CFR 211,211.80(d),Components,pharma,,"Identify each container with a lot code and its status: quarantined, approved, or rejected.",Container with no lot code or status label.
cGMP,21 CFR 211,211.89,Components,pharma,,Identify rejected components and hold them under a quarantine system so no one uses them.,Rejected material stored with released stock.
cGMP,21 CFR 211,211.94(c),Components,pharma,,Keep drug product containers and closures clean.,Dirty container or closure in use.
cGMP,21 CFR 211,211.122(d),Labeling,pharma,,Store the labels for each product separately and identify them. Limit access to authorized people.,"Mixed label stock, or label storage open to anyone."
cGMP,21 CFR 211,211.130(a),Labeling,pharma,,Separate packaging and labeling from operations on other products to prevent mixups and cross-contamination.,Two products on one packaging line at the same time.
cGMP,21 CFR 211,211.130(b),Labeling,pharma,,Identify filled containers that wait for labeling.,Filled containers with no identification.
cGMP,21 CFR 211,211.130(e),Labeling,pharma,,Inspect the packaging and labeling area immediately before use. Confirm that earlier products and materials are gone.,Leftover product or labels on the line at start-up.
cGMP,21 CFR 211,211.142(a),Warehousing,pharma,,Quarantine drug products until the quality control unit releases them.,Unreleased product in release stock.
cGMP,21 CFR 211,211.182,Records,pharma,,"Keep an equipment log of cleaning, maintenance, and use.",No log at or near the equipment.
EPA,40 CFR 262,262.15(a)(1),Hazardous waste,chem-lab;pharma;general-industry,,"If a waste container is not in good condition or leaks, move the waste to a good container right away.","Leaking, cracked, or bulging waste container."
EPA,40 CFR 262,262.15(a)(3)(iii),Hazardous waste,chem-lab;pharma;general-industry,,"Separate a waste container from incompatible waste or materials nearby, or protect it by a practical means.","Acid waste next to base waste or an oxidizer, with no separation."
EPA,40 CFR 262,262.15(a)(4),Hazardous waste,chem-lab;pharma;general-industry,,"Keep a hazardous waste container closed at all times. Open it only to add, remove, or consolidate waste, or to vent it when you must.","Open funnel in a waste jug, or waste bottle with no cap."
EPA,40 CFR 262,262.15(a)(5),Hazardous waste,chem-lab;pharma;general-industry,,"Mark or label each waste container with the words ""Hazardous Waste"" and an indication of the hazards of the contents.","Waste bottle with no ""Hazardous Waste"" label or hazard mark."
ISO,ISO 45001:2018,6.1.2.1,Hazard identification,general-industry;chem-lab;pharma;warehouse;construction,,"Identify hazards that can cause harm, in routine and non-routine work.",Any physical hazard in view that the site has not addressed.
ISO,ISO 45001:2018,8.1.2,Eliminating hazards and reducing OH&S risks,general-industry;chem-lab;pharma;warehouse;construction,,"Apply the hierarchy of controls: remove the hazard first, then substitute, engineer, use administrative controls, and use PPE last.",Hazard with PPE as the only control and no guard or barrier.
ISO,ISO 45001:2018,8.2,Emergency preparedness and response,general-industry;chem-lab;pharma;warehouse;construction,,Plan for emergencies. Provide first aid and fire-fighting equipment and keep them ready.,"Blocked exit, extinguisher, eyewash, or alarm."
ISO,ISO 45001:2018,10.2,"Incident, nonconformity and corrective action",general-industry;chem-lab;pharma;warehouse;construction,,"React to a nonconformity, find its cause, and take corrective action.",The same violation recurs at the same place.
ISO,ISO 14644,Part 2,Monitoring,pharma,,Monitor the cleanroom to show it keeps its performance.,Monitor or alarm display shows an out-of-range value.
ISO,ISO 14644,Part 4,"Design, construction and start-up",pharma,,Design and build the cleanroom so it keeps its cleanliness class.,"Damaged seals, gaps, or rough surfaces in a cleanroom."
ISO,ISO 14644,Part 5,Operations,pharma,,"Operate the cleanroom with controlled personnel entry, gowning, material transfer, and cleaning.","Gowning step skipped, door held open, or fast movement in a cleanroom."
